,Name,Price,Stars,Total ratings and reviews,Core,Read Only Memory (ROM),Operating System,Random Access Memory (RAM),Display,Warranty Period
1,SAMSUNG Galaxy Book2 Pro EVO AMOLED Intel Core i5 12th Gen 1240P - (16 GB/512 GB SSD/Windows 11 Home) ...,"₹62,990",4.6,"1,285 Ratings & 186 Reviews",Intel Core i5 Processor (12th Gen),16 GB DDR5 RAM,Windows 11 Home Operating System,512 GB SSD,33.78 cm (13.3 Inch) Display,1 Year Onsite Warranty
2,DELL Intel Core i5 12th Gen 1235U - (8 GB/512 GB SSD/Windows 11 Home) New Inspiron 15 Laptop Thin and ...,"₹44,990",4,304 Ratings & 25 Reviews,Processor: Intel i5-1235U (Base- 3.30 GHz & Turbo up to 4.40 GHz) 10 Cores,RAM & Storage: 8GB DDR4 & 512GB SSD,Graphics & Keyboard: Integrated & Standard Keyboard,"Display: 15.6"" FHD WVA AG 120Hz 250 nits Narrow Border",Intel Core i5 Processor (12th Gen),8 GB DDR4 RAM
3,SAMSUNG Galaxy Book 2 Intel Core i5 12th Gen 1235U - (16 GB/512 GB SSD/Windows 11 Home) NP550 Thin and...,"₹47,990",4.2,"2,266 Ratings & 233 Reviews",Intel Core i5 Processor (12th Gen),16 GB DDR4 RAM,Windows 11 Operating System,512 GB SSD,39.62 cm (15.6 Inch) Display,1 Year Onsite Warranty
4,ASUS TUF Gaming F15 with 90WHr Battery Intel Core i5 11th Gen 11400H - (16 GB/512 GB SSD/Windows 11 Ho...,"₹64,990",4.4,"1,852 Ratings & 186 Reviews",Intel Core i5 Processor (11th Gen),16 GB DDR4 RAM,Windows 11 Operating System,512 GB SSD,39.62 cm (15.6 Inch) Display,1 Year Onsite Warranty
5,HP Pavilion Intel Core i5 12th Gen 1235U - (16 GB/1 TB SSD/Windows 11 Home) 14-dv2153TU Thin and Light...,"₹65,490",4.3,"1,437 Ratings & 125 Reviews",Intel Core i5 Processor (12th Gen),16 GB DDR4 RAM,Windows 11 Operating System,1 TB SSD,35.56 cm (14 inch) Display,1 Year Onsite Warranty
6,HP 2023 Intel Core i5 12th Gen 1235U - (8 GB/512 GB SSD/Windows 11 Home) 15s-fy5002TU Thin and Light L...,"₹50,990",4.2,809 Ratings & 54 Reviews,Intel Core i5 Processor (12th Gen),8 GB DDR4 RAM,64 bit Windows 11 Operating System,512 GB SSD,39.62 cm (15.6 Inch) Display,1 Year Onsite Warranty
7,ASUS Vivobook 15 Intel Core i5 11th Gen 1135G7 - (8 GB/512 GB SSD/Windows 11 Home) X515EA-EJ522WS Thin...,"₹43,990",4.3,"7,477 Ratings & 550 Reviews",Intel Core i5 Processor (11th Gen),8 GB DDR4 RAM,64 bit Windows 11 Operating System,512 GB SSD,39.62 cm (15.6 Inch) Display,1 Year Onsite Warranty
8,HP 2023 Intel Core i5 11th Gen 1155G7 - (16 GB/512 GB SSD/Windows 11 Home) 15s-fr4001TU Thin and Light...,"₹51,489",4.3,"3,507 Ratings & 262 Reviews",Intel Core i5 Processor (11th Gen),16 GB DDR4 RAM,64 bit Windows 11 Operating System,512 GB SSD,39.62 cm (15.6 Inch) Display,1 Year Onsite Warranty
9,ASUS TUF Gaming F15 - AI Powered Gaming Intel Core i5 11th Gen 11260H - (8 GB/512 GB SSD/Windows 11 Ho...,"₹53,990",4.3,"3,489 Ratings & 347 Reviews",Intel Core i5 Processor (11th Gen),8 GB DDR4 RAM,Windows 11 Operating System,512 GB SSD,39.62 cm (15.6 Inch) Display,1 Year Carry-in Warranty
10,Acer Aspire 7 Intel Core i5 12th Gen 12450H - (16 GB/512 GB SSD/Windows 11 Home/4 GB Graphics/NVIDIA G...,"₹56,990",4.2,"1,100 Ratings & 104 Reviews",Intel Core i5 Processor (12th Gen),16 GB DDR4 RAM,Windows 11 Operating System,512 GB SSD,39.62 cm (15.6 Inch) Display,1 Year Onsite Warranty
11,MSI GF63 Intel Core i5 11th Gen 11260H - (8 GB/512 GB SSD/Windows 11 Home/4 GB Graphics/NVIDIA GeForce...,"₹41,990",4.2,738 Ratings & 75 Reviews,Intel Core i5 Processor (11th Gen),8 GB DDR4 RAM,Windows 11 Operating System,512 GB SSD,39.62 cm (15.6 Inch) Display,2 Year Carry-in Warranty
12,MSI GF63 Intel Core i5 11th Gen 11260H - (16 GB/512 GB SSD/Windows 11 Home/4 GB Graphics/NVIDIA GeForc...,"₹44,990",4.2,738 Ratings & 75 Reviews,Intel Core i5 Processor (11th Gen),16 GB DDR4 RAM,Windows 11 Operating System,512 GB SSD,39.62 cm (15.6 Inch) Display,2 Year Carry-in Warranty
13,HP Victus Intel Core i5 12th Gen 12450H - (16 GB/1 TB SSD/Windows 11 Home/4 GB Graphics/NVIDIA GeForce...,"₹66,990",4,73 Ratings & 1 Reviews,Intel Core i5 Processor (12th Gen),16 GB DDR4 RAM,Windows 11 Operating System,1 TB SSD,39.62 cm (15.6 inch) Display,1 Year Onsite Warranty
14,ZEBRONICS Pro Series Y Intel Core i5 11th Gen 1155G7 - (16 GB/512 GB SSD/Windows 11 Home) ZEB-NBC 2S T...,"₹27,990",4,388 Ratings & 51 Reviews,Intel Core i5 Processor (11th Gen),16 GB LPDDR4X RAM,64 bit Windows 11 Operating System,512 GB SSD,39.62 cm (15.6 inch) Display,1 Year Carry Into Service Centre
15,ZEBRONICS Pro Series Y Intel Core i5 11th Gen 1155G7 - (16 GB/512 GB SSD/Windows 11 Home) ZEB-NBC 2S T...,"₹27,990",4,388 Ratings & 51 Reviews,Intel Core i5 Processor (11th Gen),16 GB LPDDR4X RAM,Windows 11 Operating System,512 GB SSD,39.62 cm (15.6 inch) Display,1 Year Carry-in Warranty
16,HP Pavilion Intel Core i5 12th Gen 1235U - (16 GB/512 GB SSD/Windows 11 Home) 14-dv2014TU Thin and Lig...,"₹62,490",4.3,"1,437 Ratings & 125 Reviews",Intel Core i5 Processor (12th Gen),16 GB DDR4 RAM,64 bit Windows 11 Operating System,512 GB SSD,35.56 cm (14 inch) Display,"Microsoft Office Home & Student 2021, HP Documentation, HP BIOS recovery, HP Smart"
17,HP Victus Intel Core i5 11th Gen 11400H - (16 GB/512 GB SSD/Windows 11 Home/4 GB Graphics/NVIDIA GeFor...,"₹55,990",4.3,773 Ratings & 80 Reviews,Intel Core i5 Processor (11th Gen),16 GB DDR4 RAM,Windows 11 Operating System,512 GB SSD,40.89 cm (16.1 Inch) Display,1 Year Onsite Warranty
18,WINGS Nuvobook V1 Aluminium Alloy Metal Body Intel Intel Core i5 11th Gen 1155G7 - (8 GB/512 GB SSD/Wi...,"₹26,990",4.1,"1,377 Ratings & 278 Reviews",Intel Core i5 Processor (11th Gen),8 GB DDR4 RAM,Windows 11 Operating System,512 GB SSD,39.62 cm (15.6 Inch) Display,1 Year Onsite Warranty
19,ASUS TUF Gaming F15 - AI Powered Gaming Intel Core i5 11th Gen 11260H - (16 GB/512 GB SSD/Windows 11 H...,"₹57,990",4.3,"3,489 Ratings & 347 Reviews",Intel Core i5 Processor (11th Gen),16 GB DDR4 RAM,Windows 11 Operating System,512 GB SSD,39.62 cm (15.6 Inch) Display,1 Year Carry-in Warranty
20,Lenovo IdeaPad Slim 3 Intel Core i5 11th Gen 1135G7 - (16 GB/512 GB SSD/Windows 11 Home) 15ITL6 Thin a...,"₹46,990",4.2,"5,385 Ratings & 396 Reviews",Intel Core i5 Processor (11th Gen),16 GB DDR4 RAM,Windows 11 Operating System,512 GB SSD,39.62 cm (15.6 inch) Display,1 Year Onsite Warranty + 1 Year ADP
21,MSI GF63 Intel Core i5 11th Gen 11260H - (16 GB/1 TB HDD/256 GB SSD/Windows 11 Home/4 GB Graphics/NVID...,"₹54,990",4.3,320 Ratings & 39 Reviews,Intel Core i5 Processor (11th Gen),16 GB DDR4 RAM,Windows 11 Operating System,1 TB HDD|256 GB SSD,39.62 cm (15.6 Inch) Display,2 Year Carry-in Warranty
22,Infinix X2 Slim Intel Intel Core i5 11th Gen 1155G7 - (16 GB/512 GB SSD/Windows 11 Home) XL23 Thin and...,"₹32,990",4.1,449 Ratings & 68 Reviews,Intel Core i5 Processor (11th Gen),16 GB LPDDR4X RAM,64 bit Windows 11 Operating System,512 GB SSD,35.56 cm (14 inch) Display,NA
23,HP Pavilion x360 Intel Core i5 13th Gen 1335U - (16 GB/1 TB SSD/Windows 11 Home) 14-ek1010TU 2 in 1 La...,"₹75,889",4.3,166 Ratings & 21 Reviews,Intel Core i5 Processor (13th Gen),16 GB DDR4 RAM,64 bit Windows 11 Operating System,1 TB SSD,35.56 cm (14 Inch) Touchscreen Display,1 Year Onsite Warranty
24,Infinix Inbook Y2 Plus Intel Core i5 11th Gen 1155G7 - (16 GB/512 GB SSD/Windows 11 Home) XL29 Thin an...,"₹34,990",4.1,449 Ratings & 68 Reviews,Intel Core i5 Processor (11th Gen),16 GB LPDDR4X RAM,64 bit Windows 11 Operating System,512 GB SSD,39.62 cm (15.6 inch) Display,NA
25,Acer One14 Backlit Intel Core i5 11th Gen 1155G7 - (16 GB/512 GB SSD/Windows 11 Home) Z8-415 Thin and ...,"₹34,990",3.7,"1,844 Ratings & 241 Reviews",Intel Core i5 Processor (11th Gen),16 GB DDR4 RAM,Windows 11 Operating System,512 GB SSD,35.56 cm (14 Inch) Display,1 Year Onsite Warranty
26,Acer Aspire 7 Intel Core i5 12th Gen 12450H - (8 GB/512 GB SSD/Windows 11 Home/4 GB Graphics/NVIDIA Ge...,"₹54,990",4.2,"1,100 Ratings & 104 Reviews",Intel Core i5 Processor (12th Gen),8 GB DDR4 RAM,Windows 11 Operating System,512 GB SSD,39.62 cm (15.6 Inch) Display,1 Year Onsite Warranty
27,Lenovo IdeaPad Gaming 3 Intel Core i5 11th Gen 11300H - (8 GB/512 GB SSD/Windows 11 Home/4 GB Graphics...,"₹49,990",4.3,"5,084 Ratings & 468 Reviews",Intel Core i5 Processor (11th Gen),8 GB DDR4 RAM,Windows 11 Operating System,512 GB SSD,39.62 cm (15.6 Inch) Display,1 Year Onsite Warranty
28,Lenovo IdeaPad Gaming 3 Intel Core i5 11th Gen 11320H - (8 GB/512 GB SSD/Windows 11 Home/4 GB Graphics...,"₹50,990",4.1,437 Ratings & 43 Reviews,Intel Core i5 Processor (11th Gen),8 GB DDR4 RAM,Windows 11 Operating System,512 GB SSD,39.62 cm (15.6 inch) Display,1 Year Onsite Warranty
29,Infinix X3 Slim Intel Intel Core i5 12th Gen 1235U - (16 GB/512 GB SSD/Windows 11 Home) XL422 Thin and...,"₹36,990",4.1,837 Ratings & 133 Reviews,Intel Core i5 Processor (12th Gen),16 GB LPDDR4X RAM,Windows 11 Operating System,512 GB SSD,35.56 cm (14 Inch) Display,1 Year Onsite Warranty
30,WINGS Nuvobook V1 Aluminium Alloy Metal Body Intel Intel Core i5 11th Gen 1155G7 - (8 GB/512 GB SSD/Wi...,"₹26,990",4.1,"1,377 Ratings & 278 Reviews",Intel Core i5 Processor (11th Gen),8 GB DDR4 RAM,Windows 11 Operating System,512 GB SSD,39.62 cm (15.6 Inch) Display,1 Year Onsite Warranty
31,Lenovo IdeaPad 3 Chromebook Intel Celeron Dual Core N4020 - (4 GB/64 GB EMMC Storage/Chrome OS) ideapa...,"₹15,299",3.5,"2,347 Ratings & 236 Reviews",Intel Celeron Dual Core Processor,4 GB LPDDR4 RAM,Chrome Operating System,29.46 cm (11.6 Inch) Display,1 Year Onsite�Warranty,
32,Lenovo IdeaPad Slim 3 Chromebook Intel Celeron Dual Core N4020 - (4 GB/64 GB EMMC Storage/Chrome OS) 1...,"₹22,490",3.5,23 Ratings & 2 Reviews,Intel Celeron Dual Core Processor,4 GB DDR4 RAM,Chrome Operating System,35.56 cm (14 Inch) Display,1 Year Carry-in Warranty,
33,Acer Aspire 7 (2023) Intel Core i5 12th Gen 12450H - (16 GB/512 GB SSD/Windows 11 Home/4 GB Graphics/N...,"₹63,990",4.2,"1,163 Ratings & 117 Reviews",Intel Core i5 Processor (12th Gen),16 GB DDR4 RAM,Windows 11 Operating System,512 GB SSD,39.62 cm (15.6 Inch) Display,1 Year Onsite Warranty
34,Lenovo Yoga Slim 6 Intel Evo Intel Core i5 12th Gen 1240P - (16 GB/512 GB SSD/Windows 11 Home) 14IAP8 ...,"₹65,190",4.2,765 Ratings & 115 Reviews,Intel Core i5 Processor (12th Gen),16 GB LPDDR5 RAM,Windows 11 Operating System,512 GB SSD,35.56 cm (14 inch) Display,1 Year Carry-in Warranty
35,Infinix X3 Slim Intel Intel Core i5 12th Gen 1235U - (16 GB/512 GB SSD/Windows 11 Home) XL422 Thin and...,"₹36,990",4.1,837 Ratings & 133 Reviews,Intel Core i5 Processor (12th Gen),16 GB LPDDR4X RAM,Windows 11 Operating System,512 GB SSD,35.56 cm (14 Inch) Display,1 Year Onsite Warranty
36,Acer Aspire 3 Intel Core i5 12th Gen 1235U - (16 GB/512 GB SSD/Windows 11 Home) A315-59 Thin and Light...,"₹46,000",4,534 Ratings & 43 Reviews,Intel Core i5 Processor (12th Gen),16 GB DDR4 RAM,64 bit Windows 11 Operating System,512 GB SSD,39.62 cm (15.6 Inch) Display,1 Year International Travelers Warranty
37,Acer Intel Celeron Dual Core N4500 - (8 GB/64 GB SSD/64 GB EMMC Storage/Chrome OS) CB314-3H-COBZ Chrom...,"₹23,990",3.4,65 Ratings & 9 Reviews,Intel Celeron Dual Core Processor,8 GB LPDDR4X RAM,Chrome Operating System,64 GB SSD,35.56 cm (14 inch) Display,1 Year Onsite Warranty
38,HP Victus AMD Ryzen 7 Octa Core 5800H - (16 GB/512 GB SSD/Windows 11 Home/4 GB Graphics/NVIDIA GeForce...,"₹64,990",4.4,331 Ratings & 23 Reviews,AMD Ryzen 7 Octa Core Processor,16 GB DDR4 RAM,Windows 11 Operating System,512 GB SSD,39.62 cm (15.6 Inch) Display,1 Year Onsite Warranty
39,MSI Modern 14 Intel Core i5 12th Gen 1235U - (16 GB/512 GB SSD/Windows 11 Home) Modern 14 C12M-439IN T...,"₹43,990",4.3,478 Ratings & 69 Reviews,Intel Core i5 Processor (12th Gen),16 GB DDR4 RAM,Windows 11 Operating System,512 GB SSD,35.56 cm (14 Inch) Display,1 Year Carry-in Warranty
40,Infinix ZEROBOOK 13 Intel Intel Core i5 13th Gen 13500H - (16 GB/512 GB SSD/Windows 11 Home) ZL513 Thi...,"₹45,990",4.1,334 Ratings & 74 Reviews,Intel Core i5 Processor (13th Gen),16 GB LPDDR5X RAM,Windows 11 Operating System,512 GB SSD,39.62 cm (15.6 inch) Display,1 Year Onsite Warranty
41,CHUWI Intel Celeron Quad Core 12th Gen N100 - (8 GB/256 GB SSD/Windows 11 Home) GemiBook X_Pro Laptop,"₹20,990",3.5,31 Ratings & 7 Reviews,Intel Celeron Quad Core Processor (12th Gen),8 GB LPDDR5 RAM,64 bit Windows 11 Home Operating System,256 GB SSD,35.81 cm (14.1 inch) Display,"WPS Office, Operating System Software"
42,Acer Chromebook Intel Celeron Dual Core N4000 - (4 GB/16 GB EMMC Storage/Chrome OS) C733 Chromebook,"₹19,771",3.6,73 Ratings & 5 Reviews,Intel Celeron Dual Core Processor,4 GB DDR4 RAM,Chrome Operating System,29.46 cm (11.6 inch) Display,1 Year International Travelers Warranty (ITW),
43,MSI Modern 14 Intel Core i5 11th Gen 1155G7 - (8 GB/512 GB SSD/Windows 11 Home) Modern 14 C11M-030IN T...,"₹36,990",4.2,"1,121 Ratings & 146 Reviews",Intel Core i5 Processor (11th Gen),8 GB DDR4 RAM,Windows 11 Operating System,512 GB SSD,35.56 cm (14 Inch) Display,1 Year Carry-in Warranty
44,SAMSUNG Galaxy Book3 Intel Core i5 13th Gen 1335U - (16 GB/512 GB SSD/Windows 11 Home) Galaxy Book3 Th...,"₹79,990",4.4,665 Ratings & 91 Reviews,Intel Core i5 Processor (13th Gen),16 GB LPDDR4X RAM,Windows 11 Operating System,512 GB SSD,39.62 cm (15.6 Inch) Display,1 Year Onsite Warranty
45,HP Pavilion 14 (2023) Intel Core i5 12th Gen 1235U - (16 GB/512 GB SSD/Windows 11 Home) Pavilion 14-DV...,"₹65,490",4,67 Ratings & 6 Reviews,Intel Core i5 Processor (12th Gen),16 GB DDR4 RAM,64 bit Windows 11 Operating System,512 GB SSD,35.56 cm (14 inch) Display,Office Home and Student 2021
46,HP Victus Intel Core i5 12th Gen 12450H - (8 GB/512 GB SSD/Windows 11 Home/4 GB Graphics/NVIDIA GeForc...,"₹56,190",4.2,"1,691 Ratings & 126 Reviews",Intel Core i5 Processor (12th Gen),8 GB DDR4 RAM,64 bit Windows 11 Operating System,512 GB SSD,39.62 cm (15.6 Inch) Display,1 Year Onsite Warranty
47,HP OMEN Intel Core i5 13th Gen 13420H - (16 GB/512 GB SSD/Windows 11 Home/6 GB Graphics/NVIDIA GeForce...,"₹94,990",4.3,30 Ratings & 4 Reviews,Intel Core i5 Processor (13th Gen),16 GB DDR5 RAM,Windows 11 Operating System,512 GB SSD,40.89 cm (16.1 Inch) Display,1 Year Onsite Warranty
48,HP OMEN Intel Core i7 14th Gen 14700HX - (16 GB/1 TB SSD/Windows 11 Home/8 GB Graphics/NVIDIA GeForce ...,"₹1,70,490",,,Intel Core i7 Processor (14th Gen),16 GB DDR5 RAM,Windows 11 Operating System,1 TB SSD,40.89 cm (16.1 Inch) Display,1 Year Onsite Warranty
49,MSI Modern 14 Intel Core i5 11th Gen 1155G7 - (16 GB/512 GB SSD/Windows 11 Home) Modern 14 C11M-029IN ...,"₹39,990",4.2,"1,121 Ratings & 146 Reviews",Intel Core i5 Processor (11th Gen),16 GB DDR4 RAM,Windows 11 Operating System,512 GB SSD,35.56 cm (14 Inch) Display,1 Year Carry-in warranty
50,ASUS Vivobook S14 OLED Intel EVO H-Series Intel Core i5 12th Gen 12500H - (16 GB/512 GB SSD/Windows 11...,"₹74,990",4.4,"3,295 Ratings & 358 Reviews",Intel Core i5 Processor (12th Gen),16 GB DDR4 RAM,64 bit Windows 11 Operating System,512 GB SSD,35.56 cm (14 Inch) Display,1 Year Onsite Warranty
51,Lenovo IdeaPad Slim 5 Intel Core i5 13th Gen 13500H - (16 GB/512 GB SSD/Windows 11 Home) 16IRL8 Thin a...,"₹70,190",4.2,187 Ratings & 30 Reviews,Intel Core i5 Processor (13th Gen),16 GB LPDDR5 RAM,Windows 11 Operating System,512 GB SSD,40.64 cm (16 Inch) Display,Microsoft Office Home & Student 2021
52,Lenovo IdeaPad Gaming 3 Intel Core i5 11th Gen 11300H - (8 GB/512 GB SSD/Windows 11 Home/4 GB Graphics...,"₹49,990",4.3,"5,084 Ratings & 468 Reviews",Intel Core i5 Processor (11th Gen),8 GB DDR4 RAM,Windows 11 Operating System,512 GB SSD,39.62 cm (15.6 Inch) Display,1 Year Onsite Warranty
53,Lenovo LOQ Intel Core i5 12th Gen 12450H - (16 GB/512 GB SSD/Windows 11 Home/4 GB Graphics/NVIDIA GeFo...,"₹60,990",4.1,143 Ratings & 16 Reviews,Intel Core i5 Processor (12th Gen),16 GB DDR5 RAM,Windows 11 Operating System,512 GB SSD,39.62 cm (15.6 inch) Display,1 Year Onsite Warranty
54,MSI GF63 Intel Core i5 11th Gen 11260H - (16 GB/512 GB SSD/Windows 11 Home/4 GB Graphics/NVIDIA GeForc...,"₹47,990",4.1,113 Ratings & 12 Reviews,Intel Core i5 Processor (11th Gen),16 GB DDR4 RAM,Windows 11 Operating System,512 GB SSD,39.62 cm (15.6 Inch) Display,2 Year Carry-in Warranty
55,HP Intel Core i5 12th Gen 1235U - (16 GB/512 GB SSD/Windows 11 Home) 15s- fr5011TU Thin and Light Lapt...,"₹53,900",3.9,38 Ratings & 2 Reviews,Intel Core i5 Processor (12th Gen),16 GB DDR4 RAM,64 bit Windows 11 Operating System,512 GB SSD,39.62 cm (15.6 inch) Display,Microsoft Office Home & Student 2021
56,Lenovo IdeaPad Slim 3 Intel Core i5 11th Gen 1155G7 - (8 GB/512 GB SSD/Windows 11 Home) 15ITL6 Thin an...,"₹43,990",4.2,"5,385 Ratings & 396 Reviews",Intel Core i5 Processor (11th Gen),8 GB DDR4 RAM,64 bit Windows 11 Operating System,512 GB SSD,39.62 cm (15.6 inch) Display,1Year Onsite warranty
57,ASUS Vivobook 15 Intel Core i5 12th Gen 1235U - (16 GB/512 GB SSD/Windows 11 Home) X1502ZA-EJ545WS Thi...,"₹59,990",4.1,973 Ratings & 69 Reviews,Intel Core i5 Processor (12th Gen),16 GB DDR4 RAM,Windows 11 Operating System,512 GB SSD,39.62 cm (15.6 Inch) Display,1 Year Onsite Warranty
58,realme Book Prime Intel Core i5 11th Gen 11320H - (8 GB/512 GB SSD/Windows 11 Home) CloudPro002 Thin a...,"₹47,999",4.2,349 Ratings & 48 Reviews,Intel Core i5 Processor (11th Gen),8 GB LPDDR4X RAM,Windows 11 Operating System,512 GB SSD,35.56 cm (14 Inch) Display,1 Year Carry-in Warranty
59,HP Pavilion (2023) Intel Core i5 13th Gen 1340P - (16 GB/512 GB SSD/Windows 11 Home) 15-eg3079TU Thin ...,"₹71,490",4.3,277 Ratings & 20 Reviews,Intel Core i5 Processor (13th Gen),16 GB DDR4 RAM,Windows 11 Operating System,512 GB SSD,39.62 cm (15.6 Inch) Display,1 Year Onsite Warranty
60,Lenovo IdeaPad Gaming 3 Intel Core i5 11th Gen 11320H - (8 GB/512 GB SSD/Windows 11 Home/4 GB Graphics...,"₹50,990",4.1,437 Ratings & 43 Reviews,Intel Core i5 Processor (11th Gen),8 GB DDR4 RAM,Windows 11 Operating System,512 GB SSD,39.62 cm (15.6 inch) Display,1 Year Onsite Warranty
61,HP Intel Intel Core i5 12th Gen 1235U - (16 GB/512 GB SSD/Windows 11 Home) 14s - dy5005TU Thin and Lig...,"₹55,079",4.2,"2,137 Ratings & 162 Reviews",Intel Core i5 Processor (12th Gen),16 GB DDR4 RAM,64 bit Windows 11 Operating System,512 GB SSD,35.56 cm (14 inch) Display,Microsoft Office Home & Student 2021
62,ASUS Vivobook 15 Intel Core i5 12th Gen 1235U - (8 GB/512 GB SSD/Windows 11 Home) X1502ZA-EJ515WS Thin...,"₹54,990",4.1,973 Ratings & 69 Reviews,Intel Core i5 Processor (12th Gen),8 GB DDR4 RAM,Windows 11 Operating System,512 GB SSD,39.62 cm (15.6 Inch) Display,1 Year Onsite Warranty
63,MSI Modern 14 Intel Core i5 12th Gen 1235U - (8 GB/512 GB SSD/Windows 11 Home) Modern 14 C12M-440IN Th...,"₹39,990",4.3,478 Ratings & 69 Reviews,Intel Core i5 Processor (12th Gen),8 GB DDR4 RAM,Windows 11 Operating System,512 GB SSD,35.56 cm (14 Inch) Display,1 Year Carry-in Warranty
64,ASUS Vivobook S14 OLED Intel EVO H-Series Intel Core i5 12th Gen 12500H - (16 GB/512 GB SSD/Windows 11...,"₹74,990",4.4,"3,295 Ratings & 358 Reviews",Intel Core i5 Processor (12th Gen),16 GB DDR4 RAM,64 bit Windows 11 Operating System,512 GB SSD,35.56 cm (14 Inch) Display,1 Year Onsite Warranty
65,Acer Aspire 7 (2023) Intel Core i5 12th Gen 12450H - (16 GB/512 GB SSD/Windows 11 Home/4 GB Graphics/N...,"₹51,990",4.2,"1,477 Ratings & 142 Reviews",Intel Core i5 Processor (12th Gen),16 GB DDR4 RAM,Windows 11 Operating System,512 GB SSD,39.62 cm (15.6 Inch) Display,1 Year Onsite Warranty
66,Acer Aspire 7 (2023) Intel Core i5 12th Gen 12450H - (8 GB/512 GB SSD/Windows 11 Home/4 GB Graphics/NV...,"₹52,990",4.2,"1,477 Ratings & 142 Reviews",Intel Core i5 Processor (12th Gen),8 GB DDR4 RAM,64 bit Windows 11 Operating System,512 GB SSD,39.62 cm (15.6 Inch) Display,One-year International Travelers Warranty
67,WINGS Nuvobook V1 Aluminium Alloy Metal Body Intel Intel Core i5 11th Gen 1155G7 - (8 GB/512 GB SSD/Wi...,"₹26,990",4.1,"1,377 Ratings & 278 Reviews",Intel Core i5 Processor (11th Gen),8 GB DDR4 RAM,Windows 11 Operating System,512 GB SSD,39.62 cm (15.6 Inch) Display,1 Year Onsite Warranty
68,HP Victus Intel Core i5 12th Gen 12450H - (8 GB/512 GB SSD/Windows 11 Home/4 GB Graphics/NVIDIA GeForc...,"₹60,990",4.4,295 Ratings & 24 Reviews,Intel Core i5 Processor (12th Gen),8 GB DDR4 RAM,Windows 11 Operating System,512 GB SSD,39.62 cm (15.6 inch) Display,1 Year Onsite Warranty
69,Acer One14 Backlit Intel Core i5 11th Gen 1155G7 - (8 GB/512 GB SSD/Windows 11 Home) Z8-415 Thin and L...,"₹34,990",3.7,"1,844 Ratings & 241 Reviews",Intel Core i5 Processor (11th Gen),8 GB DDR4 RAM,Windows 11 Operating System,512 GB SSD,35.56 cm (14 Inch) Display,1 Year Onsite Warranty
70,Lenovo IdeaPad Slim 3 Intel Core i5 12th Gen 1235U - (8 GB/512 GB SSD/Windows 11 Home) 15IAU7 Thin and...,"₹50,990",4.2,"1,430 Ratings & 124 Reviews",Intel Core i5 Processor (12th Gen),8 GB DDR4 RAM,64 bit Windows 11 Operating System,512 GB SSD,39.62 cm (15.6 Inch) Display,2 Year warranty
71,Infinix Inbook Y2 Plus Intel Core i5 11th Gen 1155G7 - (16 GB/512 GB SSD/Windows 11 Home) XL29 Thin an...,"₹34,990",4.1,449 Ratings & 68 Reviews,Intel Core i5 Processor (11th Gen),16 GB LPDDR4X RAM,64 bit Windows 11 Operating System,512 GB SSD,39.62 cm (15.6 inch) Display,NA
72,Acer Nitro 5 Intel Core i5 12th Gen 12450H - (16 GB/512 GB SSD/Windows 11 Home/4 GB Graphics/NVIDIA Ge...,"₹71,990",4.3,572 Ratings & 60 Reviews,Intel Core i5 Processor (12th Gen),16 GB DDR4 RAM,64 bit Windows 11 Operating System,512 GB SSD,39.62 cm (15.6 inch) Display,"Acer Care Center, Acer Product Registration, NitroSense"
73,Lenovo LOQ Intel Core i5 12th Gen 12450H - (16 GB/512 GB SSD/Windows 11 Home/4 GB Graphics/NVIDIA GeFo...,"₹59,990",4.1,143 Ratings & 16 Reviews,Intel Core i5 Processor (12th Gen),16 GB DDR5 RAM,Windows 11 Operating System,512 GB SSD,39.62 cm (15.6 inch) Display,1 Year Onsite Warranty
74,Lenovo IdeaPad Slim 3 Chromebook Intel Celeron Dual Core N4020 - (4 GB/64 GB EMMC Storage/Chrome OS) 1...,"₹22,490",3.5,23 Ratings & 2 Reviews,Intel Celeron Dual Core Processor,4 GB DDR4 RAM,Chrome Operating System,35.56 cm (14 Inch) Display,1 Year Carry-in Warranty,
75,Acer Intel Celeron Dual Core N4500 - (8 GB/64 GB SSD/64 GB EMMC Storage/Chrome OS) CB314-3H-COBZ Chrom...,"₹23,990",3.4,65 Ratings & 9 Reviews,Intel Celeron Dual Core Processor,8 GB LPDDR4X RAM,Chrome Operating System,64 GB SSD,35.56 cm (14 inch) Display,1 Year Onsite Warranty
76,HP 15s Intel Core i3 12th Gen 1215U - (8 GB/512 GB SSD/Windows 11 Home) 15s-fq5007TU Thin and Light La...,"₹37,990",4.2,"3,028 Ratings & 324 Reviews",Intel Core i3 Processor (12th Gen),8 GB DDR4 RAM,64 bit Windows 11 Operating System,512 GB SSD,39.62 cm (15.6 Inch) Display,Microsoft Office Home & Student 2021
77,HP 14s Intel Core i3 11th Gen 1115G4 - (8 GB/512 GB SSD/Windows 11 Home) 14s - dy2508TU Thin and Light...,"₹34,979",4.3,"11,852 Ratings & 924 Reviews",Intel Core i3 Processor (11th Gen),8 GB DDR4 RAM,64 bit Windows 11 Operating System,512 GB SSD,35.56 cm (14 inch) Display,Microsoft Office Home & Student 2021
78,HP 2023 Intel Core i3 12th Gen 1215U - (8 GB/512 GB SSD/Windows 11 Home) 15s-fy5003TU Thin and Light L...,"₹35,990",4.2,"2,585 Ratings & 207 Reviews",Intel Core i3 Processor (12th Gen),8 GB DDR4 RAM,Windows 11 Operating System,512 GB SSD,39.62 cm (15.6 Inch) Display,1 Year Onsite Warranty
79,HP Intel Core i3 11th Gen - (8 GB/512 GB SSD/Windows 11 Home) 250 G8 Thin and Light Laptop,"₹29,999",4.2,709 Ratings & 58 Reviews,Intel Core i3 Processor (11th Gen),8 GB DDR4 RAM,64 bit Windows 11 Operating System,512 GB SSD,39.62 cm (15.6 inch) Display,1Year Onsite Warranty
80,HP Victus AMD Ryzen 7 Octa Core 5800H - (16 GB/512 GB SSD/Windows 11 Home/4 GB Graphics/NVIDIA GeForce...,"₹64,990",4.4,331 Ratings & 23 Reviews,AMD Ryzen 7 Octa Core Processor,16 GB DDR4 RAM,Windows 11 Operating System,512 GB SSD,39.62 cm (15.6 Inch) Display,1 Year Onsite Warranty
81,DELL Intel Core i3 12th Gen 1215U - (8 GB/512 GB SSD/Windows 11 Home) New Inspiron 15 Laptop Thin and ...,"₹34,290",4.2,"1,153 Ratings & 150 Reviews",Processor: Intel i3-1215U (Base- 0.9 GHz & Turbo up to 4.40 GHz) 6 Cores,RAM & Storage: 8GB DDR4 & 512GB SSD,Graphics & Keyboard: Integrated & Standard Keyboard,"Display: 15.6"" FHD WVA AG 120Hz 250 nits Narrow Border",Intel Core i3 Processor (12th Gen),8 GB DDR4 RAM
82,ASUS Vivobook 15 Intel Core i3 11th Gen 1115G4 - (8 GB/512 GB SSD/Windows 11 Home) X515EA-EJ322WS | X5...,"₹34,990",4.3,"7,335 Ratings & 661 Reviews",Intel Core i3 Processor (11th Gen),8 GB DDR4 RAM,64 bit Windows 11 Operating System,512 GB SSD,39.62 cm (15.6 Inch) Display,1 Year Onsite Warranty
83,HP OMEN Intel Core i5 13th Gen 13420H - (16 GB/512 GB SSD/Windows 11 Home/6 GB Graphics/NVIDIA GeForce...,"₹94,990",4.3,30 Ratings & 4 Reviews,Intel Core i5 Processor (13th Gen),16 GB DDR5 RAM,Windows 11 Operating System,512 GB SSD,40.89 cm (16.1 Inch) Display,1 Year Onsite Warranty
84,Acer Chromebook Intel Celeron Dual Core N4000 - (4 GB/16 GB EMMC Storage/Chrome OS) C733 Chromebook,"₹19,771",3.6,73 Ratings & 5 Reviews,Intel Celeron Dual Core Processor,4 GB DDR4 RAM,Chrome Operating System,29.46 cm (11.6 inch) Display,1 Year International Travelers Warranty (ITW),
85,MSI Modern 14 Intel Core i3 11th Gen 1115G4 - (8 GB/512 GB SSD/Windows 11 Home) Modern 14 C11M-031IN T...,"₹29,990",4.3,"2,476 Ratings & 293 Reviews",Intel Core i3 Processor (11th Gen),8 GB DDR4 RAM,Windows 11 Operating System,512 GB SSD,35.56 cm (14 Inch) Display,1 Year Carry-in Warranty
86,Lenovo IdeaPad Slim 3 Intel Core i3 11th Gen 1115G4 - (8 GB/512 GB SSD/Windows 11 Home) Ideapad 3 15IT...,"₹33,650",4.3,"6,536 Ratings & 590 Reviews",Intel Core i3 Processor (11th Gen),8 GB DDR4 RAM,64 bit Windows 11 Operating System,512 GB SSD,39.62 cm (15.6 Inch) Display,Office Home and Student 2021
87,Infinix INBook Y1 Plus Intel Intel Core i3 10th Gen 1005G1 - (8 GB/512 GB SSD/Windows 11 Home) XL28 Th...,"₹24,990",4.2,"4,210 Ratings & 520 Reviews",Intel Core i3 Processor (10th Gen),8 GB LPDDR4X RAM,64 bit Windows 11 Operating System,512 GB SSD,99.06 cm (39 cm) Display,1 Year Onsite Warranty
88,Infinix INBook Y1 Plus Intel Intel Core i3 10th Gen 1005G1 - (8 GB/512 GB SSD/Windows 11 Home) XL28 Th...,"₹24,990",4.2,"4,210 Ratings & 520 Reviews",Intel Core i3 Processor (10th Gen),8 GB LPDDR4X RAM,64 bit Windows 11 Operating System,512 GB SSD,39.62 cm (15.6 inch) Display,1 Year Onsite Warranty
89,HP OMEN Intel Core i7 14th Gen 14700HX - (16 GB/1 TB SSD/Windows 11 Home/8 GB Graphics/NVIDIA GeForce ...,"₹1,70,490",,,Intel Core i7 Processor (14th Gen),16 GB DDR5 RAM,Windows 11 Operating System,1 TB SSD,40.89 cm (16.1 Inch) Display,1 Year Onsite Warranty
90,CHUWI Intel Celeron Quad Core 12th Gen N100 - (8 GB/256 GB SSD/Windows 11 Home) GemiBook X_Pro Laptop,"₹20,990",3.5,31 Ratings & 7 Reviews,Intel Celeron Quad Core Processor (12th Gen),8 GB LPDDR5 RAM,64 bit Windows 11 Home Operating System,256 GB SSD,35.81 cm (14.1 inch) Display,"WPS Office, Operating System Software"
91,Acer Aspire 3 Intel Core i3 12th Gen - (8 GB/512 GB SSD/Windows 11 Home) A315-59-329J Thin and Light L...,"₹36,990",4.2,648 Ratings & 69 Reviews,Intel Core i3 Processor (12th Gen),8 GB DDR4 RAM,64 bit Windows 11 Operating System,512 GB SSD,39.62 cm (15.6 inch) Display,1 Year International Travelers Warranty (ITW)
92,Infinix X3 Slim Intel Intel Core i3 12th Gen 1215U - (8 GB/512 GB SSD/Windows 11 Home) XL422 Thin and ...,"₹28,990",4.1,"1,086 Ratings & 149 Reviews",Intel Core i3 Processor (12th Gen),8 GB LPDDR4X RAM,Windows 11 Operating System,512 GB SSD,35.56 cm (14 Inch) Display,1 Year Onsite Warranty
93,Lenovo IdeaPad Gaming 3 AMD Ryzen 5 Quad Core 5500H - (8 GB/512 GB SSD/Windows 11 Home/4 GB Graphics/N...,"₹49,990",4.1,119 Ratings & 18 Reviews,AMD Ryzen 5 Quad Core Processor,8 GB DDR4 RAM,Windows 11 Operating System,512 GB SSD,39.62 cm (15.6 Inch) Display,1 Year Carry-in Warranty
94,HP Laptop Intel Core i3 11th Gen 1115G4 - (8 GB/512 GB SSD/Windows 11 Home) 15s-fq2717TU Thin and Ligh...,"₹37,490",4.2,"1,023 Ratings & 92 Reviews",Intel Core i3 Processor (11th Gen),8 GB DDR4 RAM,64 bit Windows 11 Operating System,512 GB SSD,39.62 cm (15.6 Inch) Display,WINDOWS 11 AND MS OFFICE
95,MSI Modern 14 Intel Core i3 12th Gen 1215U - (8 GB/512 GB SSD/Windows 11 Home) Modern 14 C12M-445IN Th...,"₹30,990",4.3,220 Ratings & 33 Reviews,Intel Core i3 Processor (12th Gen),8 GB DDR4 RAM,Windows 11 Operating System,512 GB SSD,35.56 cm (14 Inch) Display,1 Year Carry-in Warranty
96,Lenovo IdeaPad Slim 3 Intel Core i3 11th Gen 1115G4 - (8 GB/512 GB SSD/Windows 11 Home) 81X800J3IN|81X...,"₹33,990",4.2,"2,840 Ratings & 216 Reviews",Intel Core i3 Processor (11th Gen),8 GB DDR4 RAM,64 bit Windows 11 Operating System,512 GB SSD,39.62 cm (15.6 Inch) Display,Office Home and Student 2021
97,ASUS Vivobook 15 Intel Core i3 11th Gen 1115G4 - (8 GB/256 GB SSD/Windows 11 Home) X1500EA-EJ311W Thin...,"₹31,990",4.2,872 Ratings & 80 Reviews,Intel Core i3 Processor (11th Gen),8 GB DDR4 RAM,Windows 11 Operating System,256 GB SSD,39.62 cm (15.6 Inch) Display,1 Year Onsite Warranty
98,Lenovo IdeaPad Slim 3 Intel Core i3 12th Gen 1215U - (8 GB/256 GB SSD/Windows 11 Home) 15IAU7 Thin and...,"₹32,990",4.1,594 Ratings & 53 Reviews,Intel Core i3 Processor (12th Gen),8 GB DDR4 RAM,Windows 11 Operating System,256 GB SSD,39.62 cm (15.6 Inch) Display,1 Year Carry-in Warranty
99,HP Victus AMD Ryzen 5 Hexa Core 7535HS - (8 GB/512 GB SSD/Windows 11 Home/4 GB Graphics/NVIDIA GeForce...,"₹51,990",4.3,232 Ratings & 26 Reviews,AMD Ryzen 5 Hexa Core Processor,8 GB DDR5 RAM,Windows 11 Operating System,512 GB SSD,39.62 cm (15.6 Inch) Display,1 Year Onsite Warranty
100,Acer Predator Neo (2023) Intel Core i5 13th Gen 13500HX - (16 GB/512 GB SSD/Windows 11 Home/6 GB Graph...,"₹1,04,990",4.5,281 Ratings & 33 Reviews,Intel Core i5 Processor (13th Gen),16 GB DDR5 RAM,Windows 11 Operating System,512 GB SSD,40.64 cm (16 Inch) Display,1 Year International Travelers Warranty (ITW)
101,Infinix X2 Slim Intel Intel Core i3 11th Gen 1115G4 - (8 GB/512 GB SSD/Windows 11 Home) XL23 Thin and ...,"₹26,990",4.1,"1,970 Ratings & 282 Reviews",Intel Core i3 Processor (11th Gen),8 GB LPDDR4X RAM,64 bit Windows 11 Operating System,512 GB SSD,35.56 cm (14 inch) Display,NA
102,Acer Aspire 5 Intel Core i3 13th Gen 1315U - (8 GB/512 GB SSD/Windows 11 Home) A515-58P Thin and Light...,"₹37,990",5,3 Ratings & 1 Reviews,Intel Core i3 Processor (13th Gen),8 GB LPDDR5 RAM,Windows 11 Operating System,512 GB SSD,39.62 cm (15.6 inch) Display,1 Year Onsite Warranty
103,CHUWI Intel Core i3 10th Gen 1005G1 - (8 GB/512 GB SSD/Windows 11 Home) CoreBook X Grey Laptop,"₹24,990",4.1,927 Ratings & 169 Reviews,"Stylish, Thin and Portable Light Weight Laptop
Processor: Intel Core i3-1005G1 (Base 1.20 GHz & Turbo upto 3.40 GHz) 2 Cores
RAM/Storage: 8GB DDR4, 512GB SSD
Display: 14.0"" FHD 280 nits
Touchpad: Larger Touchpad with easy control
Keyboard: Chiclet keyboard keys",Intel Core i3 Processor (10th Gen),8 GB DDR4 RAM,64 bit Windows 11 Operating System,512 GB SSD,35.56 cm (14 inch) Display
104,Lenovo IdeaPad Gaming 3 Intel Core i5 11th Gen 11300H - (8 GB/512 GB SSD/Windows 11 Home/4 GB Graphics...,"₹49,990",4.3,"5,084 Ratings & 468 Reviews",Intel Core i5 Processor (11th Gen),8 GB DDR4 RAM,Windows 11 Operating System,512 GB SSD,39.62 cm (15.6 Inch) Display,1 Year Onsite Warranty
105,Acer Extensa Intel Core i3 N305 - (8 GB/512 GB SSD/Windows 11 Home) EX215-33 Notebook,"₹31,490",4.1,566 Ratings & 63 Reviews,Intel Core i3 Processor,8 GB LPDDR5 RAM,64 bit Windows 11 Operating System,512 GB SSD,39.62 cm (15.6 Inch) Display,1 Year International Travelers Warranty
106,MSI Modern 14 Intel Core i3 12th Gen 1215U - (16 GB/512 GB SSD/Windows 11 Home) Modern 14 C12M-444IN T...,"₹33,990",4.3,220 Ratings & 33 Reviews,Intel Core i3 Processor (12th Gen),16 GB DDR4 RAM,Windows 11 Operating System,512 GB SSD,35.56 cm (14 Inch) Display,1 Year Carry-in warranty
107,Lenovo IdeaPad Slim 3 Intel Core i3 12th Gen 1215U - (8 GB/256 GB SSD/Windows 11 Home) 15IAU7 Thin and...,"₹34,990",4.1,988 Ratings & 72 Reviews,Intel Core i3 Processor (12th Gen),8 GB DDR4 RAM,Windows 11 Operating System,256 GB SSD,39.62 cm (15.6 inch) Display,Microsoft Office Home & Student 2021
108,ASUS Vivobook 15 Intel Core i3 11th Gen 1115G4 - (8 GB/256 GB SSD/Windows 11 Home) X515EA-EJ312W Thin ...,"₹31,990",4.3,"2,574 Ratings & 267 Reviews",Intel Core i3 Processor (11th Gen),8 GB DDR4 RAM,64 bit Windows 11 Operating System,256 GB SSD,39.62 cm (15.6 Inch) Display,Not Applicable
109,HP Victus AMD Ryzen 5 Hexa Core 5600H - (16 GB/512 GB SSD/Windows 11 Home/4 GB Graphics/NVIDIA GeForce...,"₹64,990",4.3,374 Ratings & 30 Reviews,AMD Ryzen 5 Hexa Core Processor,16 GB DDR4 RAM,Windows 11 Operating System,512 GB SSD,38.86 cm (15.3 Inch) Display,1 Year Onsite Warranty
110,ASUS TUF Gaming A15 (2023) with 90WHr Battery AMD Ryzen 7 Octa Core 7735HS - (16 GB/512 GB SSD/Windows...,"₹92,490",4.2,32 Ratings & 7 Reviews,AMD Ryzen 7 Octa Core Processor,16 GB DDR5 RAM,Windows 11 Operating System,512 GB SSD,39.62 cm (15.6 Inch) Display,1 Year Onsite Warranty
111,ASUS Vivobook 15 Intel Core i3 11th Gen 1115G4 - (16 GB/512 GB SSD/Windows 11 Home) X515EA-EJ342WS Thi...,"₹38,990",4.3,510 Ratings & 46 Reviews,Intel Core i3 Processor (11th Gen),16 GB DDR4 RAM,Windows 11 Operating System,512 GB SSD,39.62 cm (15.6 Inch) Display,1 Year Onsite Warranty
112,ZEBRONICS Pro Series Y Intel Core i3 11th Gen 1125G4 - (8 GB/512 GB SSD/Windows 11 Home) ZEB-NBC 1S Th...,"₹25,990",3.7,46 Ratings & 9 Reviews,Intel Core i3 Processor (11th Gen),8 GB LPDDR4X RAM,Windows 11 Operating System,512 GB SSD,39.62 cm (15.6 inch) Display,1 Year Carry-in Warranty
113,CHUWI Intel Core i5 10th Gen 10210Y - (12 GB/512 GB SSD/Windows 11 Home) UBook_X 2 in 1 Laptop,"₹39,990",,,Intel Core i5 Processor (10th Gen),12 GB LPDDR3 RAM,64 bit Windows 11 Home Operating System,512 GB SSD,30.48 cm (12 inch) Touchscreen Display,"WPS Office, Operating System Software"
114,Lenovo IdeaPad Gaming 3 AMD Ryzen 5 Hexa Core 7535HS - (16 GB/512 GB SSD/Windows 11 Home/4 GB Graphics...,"₹54,990",4.2,80 Ratings & 8 Reviews,AMD Ryzen 5 Hexa Core Processor,16 GB DDR5 RAM,Windows 11 Operating System,512 GB SSD,39.62 cm (15.6 Inch) Display,1 Year Onsite warranty
115,HP Pavilion 15 (2023) Intel Core i3 12th Gen 1215U - (8 GB/512 GB SSD/Windows 11 Home) 15-eg2017TU Thi...,"₹48,490",4.5,146 Ratings & 17 Reviews,Intel Core i3 Processor (12th Gen),8 GB DDR4 RAM,Windows 11 Operating System,512 GB SSD,39.62 cm (15.6 Inch) Display,1 Year Onsite Warranty
116,HP Intel Core i3 12th Gen 1215U - (16 GB/512 GB SSD/Windows 11 Home) 15s-fy5004TU Thin and Light Lapto...,"₹42,290",4.2,"2,585 Ratings & 207 Reviews",Intel Core i3 Processor (12th Gen),16 GB DDR4 RAM,Windows 11 Operating System,512 GB SSD,39.62 cm (15.6 Inch) Display,1 Year Onsite Warranty
117,ASUS Vivobook 15 Intel Core i3 12th Gen 1215U - (8 GB/512 GB SSD/Windows 11 Home) X1502ZA-EJ953WS Thin...,"₹40,990",4.3,"1,735 Ratings & 194 Reviews",Intel Core i3 Processor (12th Gen),8 GB DDR4 RAM,Windows 11 Operating System,512 GB SSD,39.62 cm (15.6 Inch) Display,1 Year Onsite Warranty
118,HP (2023) 12th Gen N305 Intel Core i3 N305 - (8 GB/512 GB SSD/Windows 11 Home) 14-Ep0068TU Thin and Li...,"₹41,800",4.3,491 Ratings & 42 Reviews,Intel Core i3 Processor,8 GB DDR4 RAM,64 bit Windows 11 Operating System,512 GB SSD,35.56 cm (14 Inch) Display,1 Year Onsite Warranty
119,HP Victus AMD Ryzen 7 Octa Core 5800H - (16 GB/512 GB SSD/Windows 11 Home/4 GB Graphics/NVIDIA GeForce...,"₹69,990",4.4,331 Ratings & 23 Reviews,AMD Ryzen 7 Octa Core Processor,16 GB DDR4 RAM,Windows 11 Operating System,512 GB SSD,39.62 cm (15.6 Inch) Display,1 Year Onsite Warranty
120,Lenovo LOQ Intel Core i7 13th Gen 13620H - (16 GB/512 GB SSD/Windows 11 Home/8 GB Graphics/NVIDIA GeFo...,"₹1,07,990",4.2,96 Ratings & 18 Reviews,Intel Core i7 Processor (13th Gen),16 GB DDR5 RAM,Windows 11 Operating System,512 GB SSD,39.62 cm (15.6 Inch) Display,Microsoft Office Home & Student 2021
121,Acer Intel Celeron Dual Core N4500 - (8 GB/64 GB SSD/64 GB EMMC Storage/Chrome OS) CB314-3H-COBZ Chrom...,"₹23,990",3.4,65 Ratings & 9 Reviews,Intel Celeron Dual Core Processor,8 GB LPDDR4X RAM,Chrome Operating System,64 GB SSD,35.56 cm (14 inch) Display,1 Year Onsite Warranty
122,Acer Chromebook Intel Celeron Dual Core N4000 - (4 GB/16 GB EMMC Storage/Chrome OS) C733 Chromebook,"₹19,771",3.6,73 Ratings & 5 Reviews,Intel Celeron Dual Core Processor,4 GB DDR4 RAM,Chrome Operating System,29.46 cm (11.6 inch) Display,1 Year International Travelers Warranty (ITW),
123,ASUS Chromebook Intel Celeron Dual Core N4500 - (4 GB/64 GB EMMC Storage/Chrome OS) CX1500CKA-EJ0241 C...,"₹15,990",3.9,358 Ratings & 43 Reviews,Intel Celeron Dual Core Processor,4 GB LPDDR4X RAM,Chrome Operating System,39.62 cm (15.6 Inch) Display,1 Year Onsite Warranty,
124,HP 360 Intel Celeron Quad Core N4120 - (4 GB/64 GB EMMC Storage/Chrome OS) 14a-ca0504TU Chromebook,"₹20,990",4,842 Ratings & 76 Reviews,Intel Celeron Quad Core Processor,4 GB LPDDR4 RAM,64 bit Chrome Operating System,35.56 cm (14 Inch) Touchscreen Display,1 Year Onsite warranty,
125,Lenovo IdeaPad 3 Chromebook Intel Celeron Dual Core N4020 - (4 GB/64 GB EMMC Storage/Chrome OS) ideapa...,"₹15,299",3.5,"2,347 Ratings & 236 Reviews",Intel Celeron Dual Core Processor,4 GB LPDDR4 RAM,Chrome Operating System,29.46 cm (11.6 Inch) Display,1 Year Onsite�Warranty,
126,HP 14a Intel Celeron Dual Core N4500 - (4 GB/64 GB EMMC Storage/Chrome OS) 14a- na1004TU Chromebook,"₹18,990",3.7,847 Ratings & 98 Reviews,Intel Celeron Dual Core Processor,4 GB LPDDR4 RAM,Chrome Operating System,35.56 cm (14 Inch) Touchscreen Display,1 Year Onsite Warranty,
127,Lenovo Ideapad Slim 3 MediaTek Kompanio 520 - (8 GB/128 GB EMMC Storage/Chrome OS) 14M868 Chromebook,"₹17,990",4,24 Ratings & 2 Reviews,MediaTek Kompanio 520 Processor,8 GB LPDDR4X RAM,Chrome Operating System,35.56 cm (14 inch) Display,1 Year Carry-in Warranty,
128,ASUS Chromebook Intel Celeron Dual Core N4500 - (4 GB/64 GB EMMC Storage/Chrome OS) CX1400CKA-EK0257 C...,"₹14,990",3.8,860 Ratings & 99 Reviews,Intel Celeron Dual Core Processor,4 GB LPDDR4X RAM,Chrome Operating System,35.56 cm (14 Inch) Display,1 Year Onsite Warranty,
129,HP 360 Intel Celeron Dual Core N4120 - (4 GB/64 GB EMMC Storage/Chrome OS) 14a-ca0506TU Chromebook,"₹20,990",3.9,895 Ratings & 84 Reviews,Intel Celeron Dual Core Processor,4 GB LPDDR4 RAM,64 bit Chrome Operating System,35.56 cm (14 Inch) Touchscreen Display,1 Year Onsite Warranty,
130,ASUS Chromebook Intel Celeron Dual Core N4500 - (4 GB/128 GB EMMC Storage/Chrome OS) CX1500CKA-EJ0277 ...,"₹16,990",3.8,860 Ratings & 99 Reviews,Intel Celeron Dual Core Processor,4 GB LPDDR4X RAM,Chrome Operating System,39.62 cm (15.6 Inch) Display,1 Year Onsite Warranty,
131,Lenovo Ideapad Intel Celeron Dual Core N4020 - (4 GB/64 GB EMMC Storage/Chrome OS) 11IGL05 Chromebook,"₹16,990",3.7,6 Ratings & 0 Reviews,Intel Celeron Dual Core Processor,4 GB LPDDR4 RAM,Chrome Operating System,29.46 cm (11.6 inch) Display,1 Year Carry-in Warranty,
132,HP Chromebook (2023) MediaTek Kompanio 1200 - (8 GB/256 GB SSD/Chrome OS) 13b-ca0006MU Chromebook,"₹34,990",4.5,11 Ratings & 2 Reviews,MediaTek Kompanio 1200 Processor,8 GB LPDDR4X RAM,64 bit Chrome Operating System,256 GB SSD,33.78 cm (13.3 Inch) Display,1 Year Onsite Warranty
133,HP Chromebook MediaTek Kompanio 500 - (4 GB/64 GB EMMC Storage/Chrome OS) 11a-na0006MU Chromebook,"₹22,490",3.7,"6,910 Ratings & 760 Reviews",MediaTek Kompanio 500 Processor,4 GB LPDDR4X RAM,Chrome Operating System,29.46 cm (11.6 inch) Touchscreen Display,1 Year Onsite Warranty,
134,Acer Intel Celeron Dual Core N4500 - (4 GB/64 GB SSD/64 GB EMMC Storage/Chrome OS) C734-C2ED Chromeboo...,"₹15,990",,,Intel Celeron Dual Core Processor,4 GB LPDDR4X RAM,Chrome Operating System,64 GB SSD,29.46 cm (11.6 inch) Display,1 Year Onsite Warranty
135,ASUS Chromebook Intel Celeron Dual Core N4500 - (4 GB/64 GB EMMC Storage/Chrome OS) CX1400FKA-EC0158 C...,"₹25,751",3.6,39 Ratings & 3 Reviews,Intel Celeron Dual Core Processor,4 GB LPDDR4X RAM,Chrome Operating System,35.56 cm (14 Inch) Touchscreen Display,1 Year Onsite Warranty,
136,ASUS Chromebook Flip Touch Intel Celeron Dual Core N4020 - (4 GB/32 GB EMMC Storage/Chrome OS) C214MA-...,"₹29,431",4,"3,356 Ratings & 449 Reviews",Intel Celeron Dual Core Processor,4 GB LPDDR4 RAM,Chrome Operating System,29.46 cm (11.6 inch) Touchscreen Display,1 Year Onsite Warranty,
137,ASUS Chromebook Intel Celeron Dual Core N3350 - (4 GB/64 GB EMMC Storage/Chrome OS) C423NA-BV0523 Chro...,"₹18,000",3.7,"1,555 Ratings & 220 Reviews",Intel Celeron Dual Core Processor,4 GB LPDDR4 RAM,Chrome Operating System,35.56 cm (14 inch) Display,1 Year Onsite Warranty,
138,ASUS Chromebook Intel Celeron Dual Core N3350 - (4 GB/64 GB EMMC Storage/Chrome OS) C523NA-BR0300| C52...,"₹19,650",3.7,"2,064 Ratings & 270 Reviews",Intel Celeron Dual Core Processor,4 GB LPDDR4 RAM,Chrome Operating System,39.62 cm (15.6 inch) Display,1 Year Onsite Warranty,
139,Lenovo Ideapad Slim 3 MediaTek Kompanio 520 - (4 GB/128 GB EMMC Storage/Chrome OS) 14M868 Chromebook,"₹16,990",4,24 Ratings & 2 Reviews,MediaTek Kompanio 520 Processor,4 GB LPDDR4X RAM,Chrome Operating System,35.56 cm (14 Inch) Display,1 Year Carry-in Warranty,
140,ASUS Chromebook Plus (2023) Intel Core i3 12th Gen 1215U - (8 GB/128 GB EMMC Storage/Chrome OS) CX3402...,"₹39,990",,,Intel Core i3 Processor (12th Gen),8 GB LPDDR5 RAM,Chrome Operating System,35.56 cm (14 Inch) Display,1 Year Onsite Warranty,
141,Lenovo Ideapad Slim 3 Intel Pentium Quad Core N100 - (4 GB/128 GB EMMC Storage/Chrome OS) 14IAN8 Chrom...,"₹28,190",,,Intel Pentium Quad Core Processor,4 GB LPDDR5 RAM,Chrome Operating System,35.56 cm (14 Inch) Display,1 Year Carry-in Warranty,
142,HP Chromebook MediaTek Kompanio 500 - (4 GB/64 GB EMMC Storage/Chrome OS) 11a-na0004MU Chromebook,"₹22,380",3.7,"6,910 Ratings & 760 Reviews",MediaTek Kompanio 500 Processor,4 GB LPDDR4X RAM,Chrome Operating System,29.46 cm (11.6 inch) Touchscreen Display,1 Year Onsite Warranty,
143,ASUS Chromebook Touch Intel Intel Celeron Dual Core N3350 - (4 GB/64 GB EMMC Storage/Chrome OS) C523NA...,"₹21,900",3.8,"2,203 Ratings & 307 Reviews",Intel Celeron Dual Core Processor,4 GB LPDDR4 RAM,Chrome Operating System,39.62 cm (15.6 inch) Touchscreen Display,1 Year Onsite Warranty,
144,ASUS Chromebook Flip Touch Intel Celeron Dual Core N4020 - (4 GB/64 GB EMMC Storage/Chrome OS) C214MA-...,"₹17,820",4,"3,356 Ratings & 449 Reviews",Intel Celeron Dual Core Processor,4 GB LPDDR4 RAM,Chrome Operating System,29.46 cm (11.6 inch) Touchscreen Display,1 Year Onsite Warranty,
145,ASUS Chromebook Flip Touch Intel Celeron Dual Core N4020 - (4 GB/64 GB EMMC Storage/Chrome OS) C214MA-...,"₹17,820",4,"3,356 Ratings & 449 Reviews",Intel Celeron Dual Core Processor,4 GB LPDDR4 RAM,Chrome Operating System,29.46 cm (11.6 inch) Touchscreen Display,1 Year Onsite Warranty,
146,HP Intel Celeron Dual Core N4500 - (4 GB/128 GB EMMC Storage/Chrome OS) 15a- na0012TU Chromebook,"₹20,990",3.9,"2,648 Ratings & 342 Reviews",Intel Celeron Dual Core Processor,4 GB LPDDR4X RAM,Chrome Operating System,39.62 cm (15.6 Inch) Display,1 Year Onsite Warranty,
147,ASUS Chromebook Intel Celeron Dual Core N3350 - (4 GB/32 GB EMMC Storage/Chrome OS) C223NA-GJ0074 Chro...,"₹17,490",3.5,"1,342 Ratings & 157 Reviews",Intel Celeron Dual Core Processor,4 GB LPDDR4 RAM,Chrome Operating System,29.46 cm (11.6 inch) Display,1 Year Onsite Warranty,
148,ASUS Chromebook Touch Intel Intel Celeron Dual Core N3350 - (4 GB/64 GB EMMC Storage/Chrome OS) C423NA...,"₹22,990",3.9,"1,469 Ratings & 185 Reviews",Intel Celeron Dual Core Processor,4 GB LPDDR4 RAM,Chrome Operating System,35.56 cm (14 inch) Touchscreen Display,1 Year Onsite Warranty,
149,ASUS Chromebook Intel Celeron Dual Core N4500 - (4 GB/128 GB EMMC Storage/Chrome OS) CX1400CKA-EK0335 ...,"₹15,990",3.6,134 Ratings & 14 Reviews,Intel Celeron Dual Core Processor,4 GB LPDDR4X RAM,Chrome Operating System,35.56 cm (14 Inch) Display,1 Year Onsite Warranty,
150,ASUS Chromebook Intel Celeron Dual Core N4020 - (4 GB/64 GB EMMC Storage/Chrome OS) CX1101CMA_ID-GJ000...,"₹18,000",3.6,"1,001 Ratings & 97 Reviews",Intel Celeron Dual Core Processor,4 GB LPDDR4 RAM,64 bit Chrome Operating System,29.46 cm (11.6 Inch) Display,1 Year onsite warranty,
151,HP Intel Celeron Dual Core N4500 - (4 GB/128 GB EMMC Storage/Chrome OS) 15a- na0008TU Chromebook,"₹20,990",3.9,"2,648 Ratings & 342 Reviews",Intel Celeron Dual Core Processor,4 GB LPDDR4X RAM,Chrome Operating System,39.62 cm (15.6 Inch) Display,1 Year Onsite Warranty,
152,HP Chromebook 14a Intel Celeron Dual Core N4020 - (4 GB/64 GB EMMC Storage/Chrome OS) 14a-na0003tu Chr...,"₹26,890",3.9,625 Ratings & 69 Reviews,Intel Celeron Dual Core Processor,4 GB DDR4 RAM,64 bit Chrome Operating System,35.56 cm (14 inch) Touchscreen Display,"Pre-installed G-suite Apps, Built-in Google Assistant, HP Audio Switch, HP ePrint, HP Support Assistant",1 Year Onsite Warranty
153,Acer Intel Celeron Dual Core N4500 - (8 GB/64 GB SSD/64 GB EMMC Storage/Chrome OS) CB314-3H-COBZ Chrom...,"₹23,990",3.4,65 Ratings & 9 Reviews,Intel Celeron Dual Core Processor,8 GB LPDDR4X RAM,Chrome Operating System,64 GB SSD,35.56 cm (14 inch) Display,1 Year Onsite Warranty
154,HP Chromebook MediaTek Kompanio 500 - (4 GB/64 GB EMMC Storage/Chrome OS) 11A-NA0002MU Chromebook,"₹22,490",3.7,"6,910 Ratings & 760 Reviews",MediaTek Kompanio 500 Processor,4 GB DDR4 RAM,32 bit Chrome Operating System,29.46 cm (11.6 inch) Touchscreen Display,"Pre-installed G-suite Apps, Linux Kernel and Apps, Chrome Web Extensions, Google Play Store, HP Audio Switch, HP ePrint, HP Support Assistant, Dropbox",1 Year Onsite Warranty
155,Lenovo IdeaPad Slim 3 Chromebook Intel Celeron Dual Core N4020 - (4 GB/64 GB EMMC Storage/Chrome OS) 1...,"₹19,500",3.8,511 Ratings & 50 Reviews,Intel Celeron Dual Core Processor,4 GB LPDDR4 RAM,64 bit Chrome Operating System,35.56 cm (14 inch) Touchscreen Display,1 Year Onsite Warranty,
156,Lenovo LOQ Intel Core i5 12th Gen 12450H - (16 GB/512 GB SSD/Windows 11 Home/4 GB Graphics/NVIDIA GeFo...,"₹59,990",4.1,143 Ratings & 16 Reviews,Intel Core i5 Processor (12th Gen),16 GB DDR5 RAM,Windows 11 Operating System,512 GB SSD,39.62 cm (15.6 inch) Display,1 Year Onsite Warranty
157,HP OMEN Intel Core i5 13th Gen 13420H - (16 GB/512 GB SSD/Windows 11 Home/6 GB Graphics/NVIDIA GeForce...,"₹94,990",4.3,30 Ratings & 4 Reviews,Intel Core i5 Processor (13th Gen),16 GB DDR5 RAM,Windows 11 Operating System,512 GB SSD,40.89 cm (16.1 Inch) Display,1 Year Onsite Warranty
158,HP OMEN Intel Core i7 14th Gen 14700HX - (16 GB/1 TB SSD/Windows 11 Home/8 GB Graphics/NVIDIA GeForce ...,"₹1,70,490",,,Intel Core i7 Processor (14th Gen),16 GB DDR5 RAM,Windows 11 Operating System,1 TB SSD,40.89 cm (16.1 Inch) Display,1 Year Onsite Warranty
159,ASUS TUF Gaming F15 with 90WHr Battery Intel Core i5 11th Gen 11400H - (16 GB/512 GB SSD/Windows 11 Ho...,"₹64,990",4.4,"1,852 Ratings & 186 Reviews",Intel Core i5 Processor (11th Gen),16 GB DDR4 RAM,Windows 11 Operating System,512 GB SSD,39.62 cm (15.6 Inch) Display,1 Year Onsite Warranty
160,HP Victus AMD Ryzen 5 Hexa Core 5600H - (8 GB/512 GB SSD/Windows 11 Home/4 GB Graphics/AMD Radeon RX 6...,"₹48,990",4.3,"1,177 Ratings & 114 Reviews",AMD Ryzen 5 Hexa Core Processor,8 GB DDR4 RAM,Windows 11 Operating System,512 GB SSD,39.62 cm (15.6 Inch) Display,1 Year Onsite Warranty
161,ASUS TUF Gaming F15 - AI Powered Gaming Intel Core i5 11th Gen 11260H - (8 GB/512 GB SSD/Windows 11 Ho...,"₹53,990",4.3,"3,489 Ratings & 347 Reviews",Intel Core i5 Processor (11th Gen),8 GB DDR4 RAM,Windows 11 Operating System,512 GB SSD,39.62 cm (15.6 Inch) Display,1 Year Carry-in Warranty
162,Acer Aspire 7 Intel Core i5 12th Gen 12450H - (16 GB/512 GB SSD/Windows 11 Home/4 GB Graphics/NVIDIA G...,"₹56,990",4.2,"1,100 Ratings & 104 Reviews",Intel Core i5 Processor (12th Gen),16 GB DDR4 RAM,Windows 11 Operating System,512 GB SSD,39.62 cm (15.6 Inch) Display,1 Year Onsite Warranty
163,HP Victus AMD Ryzen 5 Hexa Core 7535HS - (8 GB/512 GB SSD/Windows 11 Home/4 GB Graphics/NVIDIA GeForce...,"₹51,990",4.3,232 Ratings & 26 Reviews,AMD Ryzen 5 Hexa Core Processor,8 GB DDR5 RAM,Windows 11 Operating System,512 GB SSD,39.62 cm (15.6 Inch) Display,1 Year Onsite Warranty
164,MSI GF63 Intel Core i5 11th Gen 11260H - (8 GB/512 GB SSD/Windows 11 Home/4 GB Graphics/NVIDIA GeForce...,"₹41,990",4.2,738 Ratings & 75 Reviews,Intel Core i5 Processor (11th Gen),8 GB DDR4 RAM,Windows 11 Operating System,512 GB SSD,39.62 cm (15.6 Inch) Display,2 Year Carry-in Warranty
165,HP Victus Intel Core i5 12th Gen 12450H - (16 GB/1 TB SSD/Windows 11 Home/4 GB Graphics/NVIDIA GeForce...,"₹66,990",4,73 Ratings & 1 Reviews,Intel Core i5 Processor (12th Gen),16 GB DDR4 RAM,Windows 11 Operating System,1 TB SSD,39.62 cm (15.6 inch) Display,1 Year Onsite Warranty
166,Acer Predator Neo (2023) Intel Core i5 13th Gen 13500HX - (16 GB/512 GB SSD/Windows 11 Home/6 GB Graph...,"₹1,04,990",4.5,281 Ratings & 33 Reviews,Intel Core i5 Processor (13th Gen),16 GB DDR5 RAM,Windows 11 Operating System,512 GB SSD,40.64 cm (16 Inch) Display,1 Year International Travelers Warranty (ITW)
167,Lenovo IdeaPad Gaming 3 Intel Core i5 11th Gen 11300H - (8 GB/512 GB SSD/Windows 11 Home/4 GB Graphics...,"₹49,990",4.3,"5,084 Ratings & 468 Reviews",Intel Core i5 Processor (11th Gen),8 GB DDR4 RAM,Windows 11 Operating System,512 GB SSD,39.62 cm (15.6 Inch) Display,1 Year Onsite Warranty
168,HP Victus Intel Core i5 11th Gen 11400H - (16 GB/512 GB SSD/Windows 11 Home/4 GB Graphics/NVIDIA GeFor...,"₹55,990",4.3,773 Ratings & 80 Reviews,Intel Core i5 Processor (11th Gen),16 GB DDR4 RAM,Windows 11 Operating System,512 GB SSD,40.89 cm (16.1 Inch) Display,1 Year Onsite Warranty
169,Lenovo IdeaPad Gaming 3 AMD Ryzen 5 Hexa Core 6600H - (16 GB/512 GB SSD/Windows 11 Home/4 GB Graphics/...,"₹67,990",4.3,156 Ratings & 14 Reviews,AMD Ryzen 5 Hexa Core Processor,16 GB DDR5 RAM,Windows 11 Operating System,512 GB SSD,39.62 cm (15.6 inch) Display,Microsoft Office Home & Student 2021
170,MSI GF63 Intel Core i5 11th Gen 11260H - (16 GB/1 TB HDD/256 GB SSD/Windows 11 Home/4 GB Graphics/NVID...,"₹54,990",4.3,320 Ratings & 39 Reviews,Intel Core i5 Processor (11th Gen),16 GB DDR4 RAM,Windows 11 Operating System,1 TB HDD|256 GB SSD,39.62 cm (15.6 Inch) Display,2 Year Carry-in Warranty
171,MSI Bravo 15 AMD Ryzen 7 Octa Core 5800H - (16 GB/512 GB SSD/Windows 11 Home/4 GB Graphics/AMD Radeon ...,"₹54,990",4.4,"1,142 Ratings & 140 Reviews",AMD Ryzen 7 Octa Core Processor,16 GB DDR RAM,64 bit Windows 11 Operating System,512 GB SSD,39.62 cm (15.6 inch) Display,1 Year Warranty Term
172,HP Victus AMD Ryzen 5 Hexa Core 5600H - (16 GB/512 GB SSD/Windows 11 Home/4 GB Graphics/NVIDIA GeForce...,"₹64,990",4.3,374 Ratings & 30 Reviews,AMD Ryzen 5 Hexa Core Processor,16 GB DDR4 RAM,Windows 11 Operating System,512 GB SSD,38.86 cm (15.3 Inch) Display,1 Year Onsite Warranty
173,Lenovo LOQ Intel Core i7 13th Gen 13620H - (16 GB/512 GB SSD/Windows 11 Home/8 GB Graphics/NVIDIA GeFo...,"₹1,07,990",4.2,96 Ratings & 18 Reviews,Intel Core i7 Processor (13th Gen),16 GB DDR5 RAM,Windows 11 Operating System,512 GB SSD,39.62 cm (15.6 Inch) Display,Microsoft Office Home & Student 2021
174,HP Victus AMD Ryzen 5 Hexa Core 5600H - (16 GB/512 GB SSD/Windows 11 Home/4 GB Graphics/NVIDIA GeForce...,"₹60,990",4.3,792 Ratings & 70 Reviews,AMD Ryzen 5 Hexa Core Processor,16 GB DDR4 RAM,Windows 11 Operating System,512 GB SSD,39.62 cm (15.6 Inch) Display,1 Year Onsite Warranty
175,Acer Aspire 7 Intel Core i5 12th Gen 12450H - (8 GB/512 GB SSD/Windows 11 Home/4 GB Graphics/NVIDIA Ge...,"₹54,990",4.2,"1,100 Ratings & 104 Reviews",Intel Core i5 Processor (12th Gen),8 GB DDR4 RAM,Windows 11 Operating System,512 GB SSD,39.62 cm (15.6 Inch) Display,1 Year Onsite Warranty
176,Lenovo IdeaPad Gaming 3 Intel Core i5 11th Gen 11320H - (8 GB/512 GB SSD/Windows 11 Home/4 GB Graphics...,"₹50,990",4.1,437 Ratings & 43 Reviews,Intel Core i5 Processor (11th Gen),8 GB DDR4 RAM,Windows 11 Operating System,512 GB SSD,39.62 cm (15.6 inch) Display,1 Year Onsite Warranty
177,Lenovo IdeaPad Gaming 3 AMD Ryzen 5 Hexa Core 7535HS - (16 GB/512 GB SSD/Windows 11 Home/4 GB Graphics...,"₹54,990",4.2,80 Ratings & 8 Reviews,AMD Ryzen 5 Hexa Core Processor,16 GB DDR5 RAM,Windows 11 Operating System,512 GB SSD,39.62 cm (15.6 Inch) Display,1 Year Onsite warranty
178,ASUS TUF Gaming F15 (2023) with 90WHr Battery Intel H-Series Intel Core i7 12th Gen 12700H - (16 GB/51...,"₹1,09,990",4.5,177 Ratings & 16 Reviews,Intel Core i7 Processor (12th Gen),16 GB DDR4 RAM,Windows 11 Operating System,512 GB SSD,39.62 cm (15.6 Inch) Display,1 Year Onsite Warranty
179,Acer Aspire 7 (2023) Intel Core i5 12th Gen 12450H - (16 GB/512 GB SSD/Windows 11 Home/4 GB Graphics/N...,"₹63,990",4.2,"1,163 Ratings & 117 Reviews",Intel Core i5 Processor (12th Gen),16 GB DDR4 RAM,Windows 11 Operating System,512 GB SSD,39.62 cm (15.6 Inch) Display,1 Year Onsite Warranty
180,ASUS TUF Gaming F15 (2023) with 90WHr Battery Intel H-Series Intel Core i7 12th Gen 12700H - (16 GB/51...,"₹1,09,990",4.5,177 Ratings & 16 Reviews,Intel Core i7 Processor (12th Gen),16 GB DDR4 RAM,Windows 11 Operating System,512 GB SSD,39.62 cm (15.6 Inch) Display,1 Year Onsite Warranty
181,Acer Aspire 7 (2023) Intel Core i5 12th Gen 12450H - (16 GB/512 GB SSD/Windows 11 Home/4 GB Graphics/N...,"₹63,990",4.2,"1,163 Ratings & 117 Reviews",Intel Core i5 Processor (12th Gen),16 GB DDR4 RAM,Windows 11 Operating System,512 GB SSD,39.62 cm (15.6 Inch) Display,1 Year Onsite Warranty
182,Lenovo IdeaPad Slim 3 Chromebook Intel Celeron Dual Core N4020 - (4 GB/64 GB EMMC Storage/Chrome OS) 1...,"₹22,490",3.5,23 Ratings & 2 Reviews,Intel Celeron Dual Core Processor,4 GB DDR4 RAM,Chrome Operating System,35.56 cm (14 Inch) Display,1 Year Carry-in Warranty,
183,Acer Intel Celeron Dual Core N4500 - (8 GB/64 GB SSD/64 GB EMMC Storage/Chrome OS) CB314-3H-COBZ Chrom...,"₹23,990",3.4,65 Ratings & 9 Reviews,Intel Celeron Dual Core Processor,8 GB LPDDR4X RAM,Chrome Operating System,64 GB SSD,35.56 cm (14 inch) Display,1 Year Onsite Warranty
184,HP Victus AMD Ryzen 5 Hexa Core 7535HS - (8 GB/512 GB SSD/Windows 11 Home/4 GB Graphics/NVIDIA GeForce...,"₹53,590",4.3,232 Ratings & 26 Reviews,AMD Ryzen 5 Hexa Core Processor,8 GB DDR5 RAM,64 bit Windows 11 Operating System,512 GB SSD,39.62 cm (15.6 Inch) Display,Microsoft Office 2021 Home & Student
185,MSI GF63 Intel Core i7 11th Gen 11800H - (16 GB/1 TB HDD/256 GB SSD/Windows 11 Home/4 GB Graphics/NVID...,"₹66,500",4.3,903 Ratings & 94 Reviews,Intel Core i7 Processor (11th Gen),16 GB DDR4 RAM,Windows 11 Operating System,1 TB HDD|256 GB SSD,39.62 cm (15.6 Inch) Display,2 Year Carry-in Warranty
186,HP Victus AMD Ryzen 7 Octa Core 5800H - (16 GB/512 GB SSD/Windows 11 Home/4 GB Graphics/NVIDIA GeForce...,"₹64,990",4.4,331 Ratings & 23 Reviews,AMD Ryzen 7 Octa Core Processor,16 GB DDR4 RAM,Windows 11 Operating System,512 GB SSD,39.62 cm (15.6 Inch) Display,1 Year Onsite Warranty
187,Acer Chromebook Intel Celeron Dual Core N4000 - (4 GB/16 GB EMMC Storage/Chrome OS) C733 Chromebook,"₹19,771",3.6,73 Ratings & 5 Reviews,Intel Celeron Dual Core Processor,4 GB DDR4 RAM,Chrome Operating System,29.46 cm (11.6 inch) Display,1 Year International Travelers Warranty (ITW),
188,HP Victus Intel Core i5 12th Gen 12450H - (8 GB/512 GB SSD/Windows 11 Home/4 GB Graphics/NVIDIA GeForc...,"₹56,190",4.2,"1,691 Ratings & 126 Reviews",Intel Core i5 Processor (12th Gen),8 GB DDR4 RAM,64 bit Windows 11 Operating System,512 GB SSD,39.62 cm (15.6 Inch) Display,1 Year Onsite Warranty
189,HP OMEN Intel Core i5 13th Gen 13420H - (16 GB/512 GB SSD/Windows 11 Home/6 GB Graphics/NVIDIA GeForce...,"₹94,990",4.3,30 Ratings & 4 Reviews,Intel Core i5 Processor (13th Gen),16 GB DDR5 RAM,Windows 11 Operating System,512 GB SSD,40.89 cm (16.1 Inch) Display,1 Year Onsite Warranty
190,"ASUS Vivobook Pro 15 For Creator, AMD Ryzen 5 Hexa Core 5600HS - (8 GB/512 GB SSD/Windows 11 Home/4 GB...","₹59,990",4.4,"1,052 Ratings & 110 Reviews",AMD Ryzen 5 Hexa Core Processor,8 GB DDR4 RAM,Windows 11 Operating System,512 GB SSD,39.62 cm (15.6 Inch) Display,1 Year Onsite Warranty
191,Lenovo IdeaPad Gaming 3 Intel Core i5 11th Gen 11320H - (8 GB/512 GB SSD/Windows 11 Home/4 GB Graphics...,"₹52,990",4.1,437 Ratings & 43 Reviews,Intel Core i5 Processor (11th Gen),8 GB DDR4 RAM,Windows 11 Operating System,512 GB SSD,100.63 cm (39.62 cm) Display,NA
192,CHUWI Intel Celeron Quad Core 12th Gen N100 - (8 GB/256 GB SSD/Windows 11 Home) GemiBook X_Pro Laptop,"₹20,990",3.5,31 Ratings & 7 Reviews,Intel Celeron Quad Core Processor (12th Gen),8 GB LPDDR5 RAM,64 bit Windows 11 Home Operating System,256 GB SSD,35.81 cm (14.1 inch) Display,"WPS Office, Operating System Software"
193,Lenovo IdeaPad Gaming 3 AMD Ryzen 5 Quad Core 5500H - (8 GB/512 GB SSD/Windows 11 Home/4 GB Graphics/N...,"₹49,990",4.1,119 Ratings & 18 Reviews,AMD Ryzen 5 Quad Core Processor,8 GB DDR4 RAM,Windows 11 Operating System,512 GB SSD,39.62 cm (15.6 Inch) Display,1 Year Carry-in Warranty
194,Lenovo IdeaPad Gaming 3 Intel Core i5 11th Gen 11300H - (8 GB/512 GB SSD/Windows 11 Home/4 GB Graphics...,"₹49,990",4.3,"5,084 Ratings & 468 Reviews",Intel Core i5 Processor (11th Gen),8 GB DDR4 RAM,Windows 11 Operating System,512 GB SSD,39.62 cm (15.6 Inch) Display,1 Year Onsite Warranty
195,MSI GF63 Intel Core i5 11th Gen 11260H - (16 GB/512 GB SSD/Windows 11 Home/4 GB Graphics/NVIDIA GeForc...,"₹47,990",4.1,113 Ratings & 12 Reviews,Intel Core i5 Processor (11th Gen),16 GB DDR4 RAM,Windows 11 Operating System,512 GB SSD,39.62 cm (15.6 Inch) Display,2 Year Carry-in Warranty
196,Acer Nitro V Intel Core i5 13th Gen 13420H - (16 GB/512 GB SSD/Windows 11 Home/4 GB Graphics/NVIDIA Ge...,"₹68,990",4.3,147 Ratings & 19 Reviews,Intel Core i5 Processor (13th Gen),16 GB DDR5 RAM,Windows 11 Operating System,512 GB SSD,39.62 cm (15.6 Inch) Display,1 Year International Travelers Warranty (ITW)
197,Acer Gaming Intel Core i5 13th Gen 13420H - (16 GB/512 GB SSD/Windows 11 Home/6 GB Graphics/NVIDIA GeF...,"₹80,990",4.2,22 Ratings & 3 Reviews,Intel Core i5 Processor (13th Gen),16 GB DDR5 RAM,Windows 11 Operating System,512 GB SSD,39.62 cm (15.6 Inch) Display,1 Year International Travelers Warranty (ITW)
198,Acer Predator Neo (2023) Intel Core i5 13th Gen 13500HX - (16 GB/512 GB SSD/Windows 11 Home/6 GB Graph...,"₹1,04,990",4.5,281 Ratings & 33 Reviews,Intel Core i5 Processor (13th Gen),16 GB DDR5 RAM,Windows 11 Operating System,512 GB SSD,40.64 cm (16 Inch) Display,1 Year International Travelers Warranty (ITW)
199,HP Victus AMD Ryzen 5 Hexa Core 7535HS - (8 GB/512 GB SSD/Windows 11 Home/4 GB Graphics/NVIDIA GeForce...,"₹51,990",4.3,232 Ratings & 26 Reviews,AMD Ryzen 5 Hexa Core Processor,8 GB DDR5 RAM,Windows 11 Operating System,512 GB SSD,39.62 cm (15.6 Inch) Display,1 Year Onsite Warranty
200,"ASUS Vivobook Pro 15 For Creator, AMD Ryzen 7 Octa Core 5800HS - (16 GB/512 GB SSD/Windows 11 Home/4 G...","₹65,990",4.4,194 Ratings & 14 Reviews,AMD Ryzen 7 Octa Core Processor,16 GB DDR4 RAM,Windows 11 Operating System,512 GB SSD,39.62 cm (15.6 Inch) Display,1 Year Onsite Warranty
201,MSI GF63 Intel Core i7 11th Gen 11800H - (16 GB/1 TB HDD/256 GB SSD/Windows 11 Home/4 GB Graphics/NVID...,"₹57,990",4.3,448 Ratings & 43 Reviews,Intel Core i7 Processor (11th Gen),16 GB DDR4 RAM,Windows 11 Operating System,1 TB HDD|256 GB SSD,39.62 cm (15.6 Inch) Display,2 Year Carry-in Warranty
202,CHUWI Intel Core i3 10th Gen 1005G1 - (8 GB/512 GB SSD/Windows 11 Home) CoreBook X Grey Laptop,"₹24,990",4.1,927 Ratings & 169 Reviews,"Stylish, Thin and Portable Light Weight Laptop
Processor: Intel Core i3-1005G1 (Base 1.20 GHz & Turbo upto 3.40 GHz) 2 Cores
RAM/Storage: 8GB DDR4, 512GB SSD
Display: 14.0"" FHD 280 nits
Touchpad: Larger Touchpad with easy control
Keyboard: Chiclet keyboard keys",Intel Core i3 Processor (10th Gen),8 GB DDR4 RAM,64 bit Windows 11 Operating System,512 GB SSD,35.56 cm (14 inch) Display
203,ASUS TUF Gaming A15 (2023) with 90WHr Battery AMD Ryzen 7 Octa Core 7735HS - (16 GB/512 GB SSD/Windows...,"₹92,490",4.2,32 Ratings & 7 Reviews,AMD Ryzen 7 Octa Core Processor,16 GB DDR5 RAM,Windows 11 Operating System,512 GB SSD,39.62 cm (15.6 Inch) Display,1 Year Onsite Warranty
204,Acer Nitro 5 Intel Core i7 12th Gen 12650H - (16 GB/512 GB SSD/Windows 11 Home/6 GB Graphics/NVIDIA Ge...,"₹94,990",4.4,358 Ratings & 51 Reviews,Intel Core i7 Processor (12th Gen),16 GB DDR5 RAM,Windows 11 Operating System,512 GB SSD,39.62 cm (15.6 Inch) Display,1 Year International Travelers Warranty (ITW)
205,"ASUS Vivobook Pro 15 For Creator, AMD Ryzen 5 Hexa Core 5600HS - (8 GB/512 GB SSD/Windows 11 Home/4 GB...","₹61,990",4.4,"1,052 Ratings & 110 Reviews",AMD Ryzen 5 Hexa Core Processor,8 GB DDR4 RAM,Windows 11 Operating System,512 GB SSD,39.62 cm (15.6 Inch) Display,1 Year Onsite Warranty
206,HP Victus AMD Ryzen 7 Octa Core 5800H - (16 GB/512 GB SSD/Windows 11 Home/4 GB Graphics/NVIDIA GeForce...,"₹69,990",4.4,331 Ratings & 23 Reviews,AMD Ryzen 7 Octa Core Processor,16 GB DDR4 RAM,Windows 11 Operating System,512 GB SSD,39.62 cm (15.6 Inch) Display,1 Year Onsite Warranty
207,CHUWI Intel Core i5 10th Gen 10210Y - (12 GB/512 GB SSD/Windows 11 Home) UBook_X 2 in 1 Laptop,"₹39,990",,,Intel Core i5 Processor (10th Gen),12 GB LPDDR3 RAM,64 bit Windows 11 Home Operating System,512 GB SSD,30.48 cm (12 inch) Touchscreen Display,"WPS Office, Operating System Software"
208,Lenovo IdeaPad Gaming 3 Intel Core i5 11th Gen 11320H - (8 GB/512 GB SSD/Windows 11 Home/4 GB Graphics...,"₹50,990",4.1,437 Ratings & 43 Reviews,Intel Core i5 Processor (11th Gen),8 GB DDR4 RAM,Windows 11 Operating System,512 GB SSD,39.62 cm (15.6 inch) Display,1 Year Onsite Warranty
209,Lenovo LOQ Intel Core i5 12th Gen 12450H - (16 GB/512 GB SSD/Windows 11 Home/4 GB Graphics/NVIDIA GeFo...,"₹60,990",4.1,143 Ratings & 16 Reviews,Intel Core i5 Processor (12th Gen),16 GB DDR5 RAM,Windows 11 Operating System,512 GB SSD,39.62 cm (15.6 inch) Display,1 Year Onsite Warranty
210,Acer Predator Neo (2023) Intel Core i7 13th Gen 13700HX - (16 GB/1 TB SSD/Windows 11 Home/6 GB Graphic...,"₹1,19,990",4.5,510 Ratings & 57 Reviews,Intel Core i7 Processor (13th Gen),16 GB DDR5 RAM,Windows 11 Operating System,1 TB SSD,40.64 cm (16 Inch) Display,1 Year International Travelers Warranty (ITW)
211,ASUS Vivobook Pro 15 OLED For Creator AMD Ryzen 5 Hexa Core 5600HS - (16 GB/512 GB SSD/Windows 11 Home...,"₹69,990",4.3,660 Ratings & 95 Reviews,AMD Ryzen 5 Hexa Core Processor,16 GB DDR4 RAM,Windows 11 Operating System,512 GB SSD,39.62 cm (15.6 Inch) Display,1 Year Onsite Warranty
212,ASUS Intel Core i9 14th Gen 14900HX - (32 GB/2 TB SSD/Windows 11 Home/12 GB Graphics/NVIDIA GeForce RT...,"₹2,89,990",,,Intel Core i9 Processor (14th Gen),32 GB DDR5 RAM,Windows 11 Operating System,2 TB SSD,40.64 cm (16 inch) Display,1 Year Onsite warranty
213,"ASUS Vivobook 16X (2023) For Creator, Intel H-Series Intel Core i5 12th Gen 12450H - (16 GB/512 GB SSD...","₹75,990",4.2,590 Ratings & 52 Reviews,Intel Core i5 Processor (12th Gen),16 GB DDR4 RAM,Windows 11 Operating System,512 GB SSD,40.64 cm (16 Inch) Display,1 Year Onsite Warranty
214,ASUS Intel Core i9 14th Gen 14900HX - (32 GB/2 TB SSD/Windows 11 Home/16 GB Graphics/NVIDIA GeForce RT...,"₹3,39,990",,,Intel Core i9 Processor (14th Gen),32 GB DDR5 RAM,Windows 11 Operating System,2 TB SSD,45.72 cm (18 inch) Display,1 Year Onsite warranty
215,HP Victus Gaming AMD Ryzen 5 Hexa Core 5600H - (8 GB/512 GB SSD/Windows 11 Home/4 GB Graphics/NVIDIA G...,"₹54,500",4.1,612 Ratings & 50 Reviews,AMD Ryzen 5 Hexa Core Processor,8 GB DDR4 RAM,Windows 11 Operating System,512 GB SSD,39.62 cm (15.6 Inch) Display,1 Year Onsite Warranty
216,Acer Aspire 7 (2023) Intel Core i5 12th Gen 12450H - (16 GB/512 GB SSD/Windows 11 Home/4 GB Graphics/N...,"₹51,990",4.2,"1,477 Ratings & 142 Reviews",Intel Core i5 Processor (12th Gen),16 GB DDR4 RAM,Windows 11 Operating System,512 GB SSD,39.62 cm (15.6 Inch) Display,1 Year Onsite Warranty
217,MSI GF63 Intel Core i5 11th Gen 11260H - (8 GB/512 GB SSD/Windows 11 Home/4 GB Graphics/NVIDIA GeForce...,"₹48,990",4.3,63 Ratings & 6 Reviews,Intel Core i5 Processor (11th Gen),8 GB DDR4 RAM,Windows 11 Operating System,512 GB SSD,39.62 cm (15.6 Inch) Display,2 Year Carry-in Warranty
218,Acer Aspire 7 (2023) Intel Core i5 12th Gen 12450H - (8 GB/512 GB SSD/Windows 11 Home/4 GB Graphics/NV...,"₹52,990",4.2,"1,477 Ratings & 142 Reviews",Intel Core i5 Processor (12th Gen),8 GB DDR4 RAM,64 bit Windows 11 Operating System,512 GB SSD,39.62 cm (15.6 Inch) Display,One-year International Travelers Warranty
219,HP Victus Intel Core i5 12th Gen 12450H - (8 GB/512 GB SSD/Windows 11 Home/4 GB Graphics/NVIDIA GeForc...,"₹60,990",4.4,295 Ratings & 24 Reviews,Intel Core i5 Processor (12th Gen),8 GB DDR4 RAM,Windows 11 Operating System,512 GB SSD,39.62 cm (15.6 inch) Display,1 Year Onsite Warranty
220,ASUS Intel Core Ultra 7 155H - (16 GB/1 TB SSD/Windows 11 Home/8 GB Graphics/NVIDIA GeForce RTX 4070) ...,"₹1,89,990",,,Intel Core Ultra 7 Processor,16 GB LPDDR5X RAM,Windows 11 Operating System,1 TB SSD,40.64 cm (16 inch) Display,1 Year Onsite warranty
221,Acer Nitro 5 Intel Core i5 12th Gen 12450H - (16 GB/512 GB SSD/Windows 11 Home/4 GB Graphics/NVIDIA Ge...,"₹71,990",4.3,572 Ratings & 60 Reviews,Intel Core i5 Processor (12th Gen),16 GB DDR4 RAM,64 bit Windows 11 Operating System,512 GB SSD,39.62 cm (15.6 inch) Display,"Acer Care Center, Acer Product Registration, NitroSense"
222,Lenovo LOQ Intel Core i5 12th Gen 12450H - (16 GB/512 GB SSD/Windows 11 Home/6 GB Graphics/NVIDIA GeFo...,"₹79,990",4.4,496 Ratings & 63 Reviews,Intel Core i5 Processor (12th Gen),16 GB DDR5 RAM,Windows 11 Operating System,512 GB SSD,39.62 cm (15.6 Inch) Display,Microsoft Office Home & Student 2021
223,HP Victus AMD Ryzen 5 Hexa Core 5600H - (16 GB/512 GB SSD/Windows 11 Home/4 GB Graphics/AMD Radeon RX ...,"₹54,141",4.3,"1,177 Ratings & 114 Reviews",AMD Ryzen 5 Hexa Core Processor,16 GB DDR4 RAM,Windows 11 Operating System,512 GB SSD,39.62 cm (15.6 Inch) Display,1 Year Onsite Warranty
224,ASUS TUF Gaming F15 Intel Core i5 12th Gen 12500H - (16 GB/512 GB SSD/Windows 11 Home/4 GB Graphics/NV...,"₹85,990",4.5,378 Ratings & 36 Reviews,Intel Core i5 Processor (12th Gen),16 GB DDR4 RAM,Windows 11 Home Operating System,512 GB SSD,39.62 cm (15.6 Inch) Display,1 Year Onsite Warranty
225,HP OMEN Intel Core i7 14th Gen 14700HX - (16 GB/1 TB SSD/Windows 11 Home/8 GB Graphics/NVIDIA GeForce ...,"₹1,70,490",,,Intel Core i7 Processor (14th Gen),16 GB DDR5 RAM,Windows 11 Operating System,1 TB SSD,40.89 cm (16.1 Inch) Display,1 Year Onsite Warranty
226,ASUS Intel Core i9 14th Gen 14900HX - (32 GB/2 TB SSD/Windows 11 Home/16 GB Graphics/NVIDIA GeForce RT...,"₹3,29,990",,,Intel Core i9 Processor (14th Gen),32 GB DDR5 RAM,Windows 11 Operating System,2 TB SSD,40.64 cm (16 inch) Display,1 Year Onsite warranty
227,HP Victus Intel Core i7 12th Gen 12650H - (16 GB/512 GB SSD/Windows 11 Home/4 GB Graphics/NVIDIA GeFor...,"₹96,599",4.4,89 Ratings & 10 Reviews,Intel Core i7 Processor (12th Gen),16 GB DDR4 RAM,Windows 11 Operating System,512 GB SSD,39.62 cm (15.6 Inch) Display,1 Year Onsite Warranty
